136fake.json,/style and fashion/clothing/hoodies,0.990768,Taylor Swift,0.945216,Kanye West,0.93047,2009 MTV Video Music Awards,0.88041,Kim Kardashian,0.84722,Emotion,0.732529
195fake.json,/society/dating,0.755372,Nas,0.91012,Love,0.892236,Source,0.859651,Ton,0.856357,Eminem,0.841505
103fake.json,/art and entertainment/books and literature/romance novels,0.803264
187fake.json,/society/dating,0.579473,American film actors,0.902161,Wanted,0.872547
122fake.json,/family and parenting/children,0.569055,Angelina Jolie,0.92115
071fake.json,/society/dating,0.99779,The Devil's Advocate,0.956775,Sweet November,0.908639,American film actors,0.657478,Screen Actors Guild Award for Outstanding Performance by a Cast in a Motion Picture,0.594752
192fake.json,/sports/wrestling,0.811031,Ryan Seacrest,0.95812,Kelly Ripa,0.806029,American Idol,0.782,Regis Philbin,0.772915,Walt Disney World Christmas Day Parade,0.670394
141fake.json,/health and fitness/addiction/smoking addiction,0.994561,Ryan Gosling,0.886784
106fake.json,/society/social institution/divorce,0.786561,Ten Commandments,0.928997,Torah,0.907534,Moses,0.881523,Bible,0.878968
220fake.json,/style and fashion/beauty/cosmetics,0.595309,Bruce Jenner,0.9044,Rob Kardashian,0.856692,Keeping Up with the Kardashians,0.852742
073fake.json,/style and fashion/beauty,0.640548,Plastic surgery,0.978503,Rhytidectomy,0.688443,Liposuction,0.680347,Reconstructive surgery,0.674083,Ellen DeGeneres,0.663366
056fake.json,/art and entertainment/movies and tv/romantic comedies,0.601783,Sex and the City,0.970559,Carrie Bradshaw,0.441897,Kim Cattrall,0.347328,English-language films,0.341565,Film,0.331569
229fake.json,/society/social institution/divorce,0.867647,Ben Affleck,0.965839,Jennifer Lopez,0.839062,Jennifer Garner,0.747224,MTV Movie Award for Best Kiss,0.645755,Daredevil,0.595562
171fake.json,/art and entertainment/movies and tv/movies,0.659907,Scarlett Johansson,0.949754,Woody Allen,0.576605,Scoop,0.565389,Hugh Jackman,0.520781,American film actors,0.485163
004fake.json,/sports/cricket,0.866229,Jennifer Aniston,0.886784
066fake.json,/travel/traveling with kids,0.596792,Rosie O'Donnell,0.886784
167fake.json,/society/social institution/divorce,0.679724,Fergie,0.930861,Black Eyed Peas,0.83886,Drug addiction,0.829739,Josh Duhamel,0.764649,English-language films,0.726645
064fake.json,/society/unrest and war,0.752424
099fake.json,/art and entertainment/music/recording industry/music awards,0.810892,2009 MTV Video Music Awards,0.963614,MTV Video Music Awards,0.78464,52nd Grammy Awards,0.688214,Taylor Swift,0.677324,Performing arts,0.650856
023fake.json,"/law, govt and politics/politics/political parties",0.69109
217fake.json,/business and industrial/business operations/business plans,0.655149,Ali Larter,0.834214,Britney Spears,0.805894,The Beyoncé Experience,0.796714
116fake.json,/art and entertainment/music/recording industry/music awards,0.820578
138fake.json,/travel/transports/sea travel/cruises,0.727386,Collateral,0.938621,Academy Award for Best Actor,0.780374,Jamie Foxx,0.7476,Given names,0.744106,Forest Whitaker,0.731867
149fake.json,/family and parenting/motherhood,0.581261,Brad Pitt,0.967725,Angelina Jolie,0.895155,Mr. & Mrs. Smith,0.800157,A Mighty Heart,0.766173,American film actors,0.690158
045fake.json,/society/dating,0.5473,Taylor Guitars,0.903184,Taylor Swift,0.79672,Romeo and Juliet,0.790448
102fake.json,/art and entertainment/music/recording industry/music awards,0.944717,Grammy Award for Song of the Year,0.960016,Grammy Award for Album of the Year,0.94898,Grammy Award for Record of the Year,0.851076,Grammy Award,0.769719,U2,0.762371
115fake.json,/style and fashion,0.585658,Reconstructive surgery,0.890518,Surgery,0.86726,Microsurgery,0.859542,Plastic surgery,0.832679,Hospital,0.76366
022fake.json,/art and entertainment/movies and tv/television,0.728201,Taylor Guitars,0.903184,Taylor Swift,0.79672
162fake.json,/style and fashion,0.701463,Verbal abuse,0.920534,Kumi Koda,0.890622,Control,0.778233,Janet Jackson,0.751993,Control,0.735351
003fake.json,/family and parenting/babies and toddlers,0.92559,2005 in film,0.895916,2003 in film,0.861341,Jennifer Aniston,0.852144
109fake.json,/style and fashion/beauty/cosmetics,0.740053,Keeping Up with the Kardashians,0.952889,Kim Kardashian,0.91439,Kourtney Kardashian,0.760334,Bruce Jenner,0.717961,Kris Jenner,0.696142
250fake.json,/health and fitness/sexuality,0.822086,Sexual intercourse,0.98757,Human sexuality,0.901684,Marriage,0.794651,Sexual arousal,0.779869,Transgender,0.738055
232fake.json,/business and industrial/business operations/business plans,0.594855,George Clooney,0.9898,Michael Clayton,0.624172,Anthony Edwards,0.58155,London,0.549531,Screen Actors Guild Award for Outstanding Performance by a Male Actor in a Leading Role,0.523532
176fake.json,/society/social institution,0.95014,Wedding,0.932809,Marriage,0.663
144fake.json,/society/social institution/divorce,0.91297,Brad Pitt,0.983136,Angelina Jolie,0.847629,Jennifer Aniston,0.760661,Mr. & Mrs. Smith,0.616933,American film actors,0.607739
133fake.json,/travel/transports,0.582461,Justin Bieber,0.91136,52nd Grammy Awards,0.90232
210fake.json,/society/social institution/divorce,0.995137,Brad Pitt,0.98043,Angelina Jolie,0.778396,Mr. & Mrs. Smith,0.695789,A Mighty Heart,0.666237,People,0.589528
086fake.json,/style and fashion,0.647305,Kim Kardashian,0.932431,Kanye West,0.644805
224fake.json,/family and parenting/adoption,0.77526,Family,0.915377
035fake.json,/society/dating,0.590322,American film actors,0.956118,American television actors,0.725706,American people of Italian descent,0.596334,Waldorf school alumni,0.480659,American female singers,0.478589
091fake.json,/religion and spirituality/alternative religions,0.694323,Jenna Elfman,0.932431,Bodhi Elfman,0.79746,American film actors,0.782457,American television actors,0.778722
139fake.json,/art and entertainment/shows and events/concert,0.657226,Spice Girls,0.973476
151fake.json,/family and parenting/babies and toddlers,0.685563,Bruce Jenner,0.9044,Rob Kardashian,0.856692,Keeping Up with the Kardashians,0.852742
037fake.json,/art and entertainment/shows and events/concert,0.723271,2005 albums,0.898716,2000s American television series,0.763725,Drug overdose,0.7476,Illness,0.745072,Hip hop,0.726017
039fake.json,/society/social institution/divorce,0.795947,Lindsay Lohan,0.98302,Michael Lohan,0.760461,Dina Lohan,0.738321,Marriage,0.663997,Family,0.621461
233fake.json,/society/social institution/divorce,0.867586,Grammy Award for Song of the Year,0.868429
013fake.json,/style and fashion/beauty/cosmetics,0.999825,Cosmetics,0.957094,Family,0.669774,Perfume,0.639516,2009 MTV Video Music Awards,0.582939,2008 MTV Video Music Awards,0.564566
168fake.json,/society/social institution/divorce,0.604986,English-language films,0.861154
158fake.json,/sports/basketball,0.797033,Los Angeles Clippers,0.973164,Los Angeles Lakers,0.820681,Lamar Odom,0.694423,Los Angeles,0.60001,Khloé Kardashian,0.555539
030fake.json,/art and entertainment/movies,0.568521,Brad Pitt,0.967725,Angelina Jolie,0.895155,Mr. & Mrs. Smith,0.800157,A Mighty Heart,0.766173,People,0.677957
113fake.json,/style and fashion/beauty,0.652889,Keeping Up with the Kardashians,0.920798
227fake.json,/art and entertainment/movies and tv/movies,0.944938,Robert Pattinson,0.920839
093fake.json,/art and entertainment/movies and tv/movies/reviews,0.600715,American unisex given names,0.846958,Colorado,0.824971
107fake.json,/art and entertainment/shows and events,0.672291,American film actors,0.965677,Grammy Award winners,0.900097,Jennifer Hudson,0.87485,American television actors,0.845845,American female singers,0.774759
051fake.json,/society/social institution/divorce,0.888197,Family,0.957699,Prince William of Wales,0.769603,Mother,0.704881,"Prince Philip, Duke of Edinburgh",0.673056,Chelsy Davy,0.631619
065fake.json,/style and fashion/men 's fashion,0.771276,Anna Wintour,0.980795,Vogue,0.980795,Lauren Weisberger,0.932313,Grace Mirabella,0.878567,The Devil Wears Prada,0.878352
070fake.json,/travel/traveling with kids,0.727201,Portia de Rossi,0.975505,Ellen DeGeneres,0.942751
054fake.json,/society/gay life,0.996175
143fake.json,/society/dating,0.580045
197fake.json,/art and entertainment/music/music genres/world music,0.827026,Music,0.867042,Solo,0.865623
080fake.json,/society/social institution/divorce,0.999882,Kirk Douglas,0.878864
181fake.json,/family and parenting/parenting teens,0.611261,Jamie Foxx,0.951523,Academy Award for Best Actor,0.756922,Ray,0.687194,Kanye West,0.631617,Academy Award for Best Supporting Actor,0.595645
198fake.json,/art and entertainment/movies and tv/movies,0.855312,Warner Bros.,0.916505,Gossip Girl,0.81837,Film,0.774554,The CW Television Network,0.756206,Serena van der Woodsen,0.756083
182fake.json,/style and fashion/jewelry,0.999949,Kim Kardashian,0.932431,Celebrity sex tape,0.636181
200fake.json,/society/social institution,0.869209,Prince William of Wales,0.958558,Concert for Diana,0.603001,University of St Andrews,0.556986,Kate Middleton,0.540442
164fake.json,/style and fashion,0.623308,Academy Award for Best Picture,0.912131,Renée Zellweger,0.864114,English-language films,0.848777,Academy Award,0.82581,Bob Hope,0.761861
052fake.json,/family and parenting/babies and toddlers,0.580984,Hillary Rodham Clinton,0.949819,Bill Clinton,0.615825
196fake.json,/health and fitness/addiction,0.570518,Brad Pitt,0.92115,Death,0.819229,San Francisco,0.708278,Angelina Jolie,0.706405,California,0.697283
166fake.json,/style and fashion/beauty,0.657132,Kourtney Kardashian,0.960693,Keeping Up with the Kardashians,0.825378,Rob Kardashian,0.817086,Bruce Jenner,0.815,Kim Kardashian,0.798978
235fake.json,/society/social institution/divorce,0.685896,English given names,0.832639
177fake.json,/art and entertainment/dance,0.86591,Maksim Chmerkovskiy,0.976114,Dance,0.802575,Psychology,0.778625,Erin Andrews,0.738601,Given names,0.685463
092fake.json,/society/gay life,0.692872,Jennifer Lopez,0.932431,Man,0.642317,By the Way,0.625697,Union Station,0.601823
193fake.json,/society/social institution/divorce,0.80376
226fake.json,/family and parenting/babies and toddlers,0.85388,Childbirth,0.952656,Pregnancy,0.879848,Fountains of Wayne,0.545208,Obstetrics,0.520948,Infant,0.514076
234fake.json,/art and entertainment/celebrity fan and gossip,0.678261,Whose Line Is It Anyway?,0.938587,Alternative comedy,0.907347,Kathy Griffin: My Life on the D-List,0.830424,Suddenly Susan,0.814022,The View,0.783518
130fake.json,/art and entertainment/shows and events,0.636757,Taylor Guitars,0.903184,Taylor Swift,0.79672
062fake.json,/society/crime/sexual offence,0.980268,The Washington Post,0.937194,Sexual intercourse,0.927795,Donald Trump,0.863472,Sexual harassment,0.861579,Drag queen,0.852564
008fake.json,/family and parenting,0.965821,Brad Pitt,0.983136,Angelina Jolie,0.847629,Jennifer Aniston,0.760661,Mr. & Mrs. Smith,0.616933,American film actors,0.607739
209fake.json,/family and parenting/babies and toddlers,0.786494,Anna Faris,0.94772,Chris Pratt,0.610961
029fake.json,/health and fitness/disease/aids and hiv,0.998917,Blood transfusion,0.954541,Jesus,0.77583,Tetragrammaton,0.725324,Barbiturate,0.674709,AIDS,0.671126
201fake.json,/family and parenting/children,0.634792,Childbirth,0.886784
017fake.json,/food and drink/cuisines,0.741426,Kim Kardashian,0.932431
188fake.json,/art and entertainment/comics and animation/comics,0.621529,Taylor Guitars,0.903184,Taylor Swift,0.79672,Atropates,0.7452,Atropatene,0.74391
032fake.json,/art and entertainment/movies and tv/television,0.863845,Bye Bye Birdie,0.932431,2006 albums,0.732126
046fake.json,/society/crime/personal offense,0.659837,Fearless Tour,0.913342,CMT Music Awards,0.87791,Taylor Guitars,0.863915,Taylor Swift,0.76208,51st Grammy Awards,0.746956
218fake.json,/family and parenting,0.773973,Keeping Up with the Kardashians,0.987576,Kim Kardashian,0.968256,Bruce Jenner,0.799955
137fake.json,/society/teens,0.568836,Miley Cyrus,0.971964,The Last Song,0.860985,Liam Hemsworth,0.712312,Billy Ray Cyrus,0.701043
050fake.json,/society/dating,0.596756,Kim Kardashian,0.932431,Kanye West,0.644805
202fake.json,/society/social institution/divorce,0.99963,Eric Roberts,0.859374,Academy Award for Best Actress,0.788491
019fake.json,/society/social institution/divorce,0.980436,Marriage,0.954703,Oakland Raiders,0.905223,"People from Los Angeles, California",0.843939,Kim Kardashian,0.809615,Nas,0.677973
112fake.json,/religion and spirituality/alternative religions,0.686051
189fake.json,/art and entertainment/celebrity fan and gossip,0.613279,Robot Chicken,0.867663
243fake.json,/style and fashion/men 's fashion,0.972929,Victoria Beckham,0.974884,Anna Wintour,0.928381,David Beckham,0.827421,Spice Girls,0.721047,Vogue,0.718267
020fake.json,/sports/cricket,0.800225,Kim Kardashian,0.932431,Kanye West,0.644805
002fake.json,/society/social institution/divorce,0.981503,Brad Pitt,0.983136,Angelina Jolie,0.970813,Jennifer Aniston,0.760661,People,0.641217,Mr. & Mrs. Smith,0.616933
078fake.json,/sports/boxing,0.905502,Ellen DeGeneres,0.868929,Portia de Rossi,0.796427
127fake.json,/food and drink,0.629775,Ashlee Simpson,0.918557,The Haters,0.746442,George Clooney,0.72633,Venture capital,0.725224,According to Jim,0.702918
038fake.json,/art and entertainment/shows and events,0.678016,Miley Cyrus,0.919282,Gwen Stefani,0.90459,Billy Ray Cyrus,0.864082
248fake.json,/art and entertainment/books and literature/romance novels,0.75391,Taylor Guitars,0.903184,Taylor Swift,0.79672,Romeo and Juliet,0.790448
114fake.json,/society/dating,0.688438
055fake.json,/art and entertainment/movies and tv/movies,0.754125,Actor,0.984158,Sport utility vehicle,0.697886,Friends,0.688218,Luxury vehicle,0.680605,Pickup truck,0.657
146fake.json,"/law, govt and politics/armed forces",0.607512,New York City,0.963525,Michelle Obama,0.793905,Chicago,0.721678,Democratic Party,0.686316,Columbia University,0.609423
075fake.json,/society/dating,0.619109,American film actors,0.975143,Pirates of the Caribbean: Dead Man's Chest,0.974307,Miranda Kerr,0.967982,Pirates of the Caribbean: At World's End,0.931035,Pirates of the Caribbean: The Curse of the Black Pearl,0.921954
048fake.json,/society/gay life,0.844552,Nicki Minaj,0.932431
131fake.json,/business and industrial/agriculture and forestry/crops and seed,0.903553,Nicki Minaj,0.932431,Serena Williams,0.644805
034fake.json,/art and entertainment/movies and tv/movies,0.920021,Meryl Streep,0.94962,First Lady of the United States,0.943547,Glenn Close,0.940682,Hillary Rodham Clinton,0.91809,Academy Award for Best Actress,0.87663
178fake.json,/society/dating,0.628813,Live with Regis and Kelly,0.909247,Kelly Ripa,0.8356,Regis Philbin,0.783446,Mark Consuelos,0.77377,1970 births,0.610381
095fake.json,/society/unrest and war,0.680597,Russia,0.947328,Boris Yeltsin,0.766497,Vladimir Putin,0.718735,Belarus,0.712816,Moscow,0.631673
165fake.json,/society/social institution/divorce,0.716219,2000 singles,0.8357,Debut singles,0.826379
204fake.json,/art and entertainment/celebrity fan and gossip,0.596605,Bad Boy Records,0.835078,American singer-songwriters,0.649688
057fake.json,/family and parenting/parenting teens,0.603036,Cameron Diaz,0.98648,1912,0.811806,1920,0.795258,1917,0.746324,1922,0.734694
043fake.json,/food and drink,0.571625,David Beckham,0.945055,Victoria Beckham,0.89355,Spice Girls,0.788835,English bloggers,0.726686,Family,0.711884
074fake.json,/hobbies and interests/games,0.996968,52nd Grammy Awards,0.973917,Fearless Tour,0.798735
044fake.json,/society/social institution,0.954078,Prince William of Wales,0.938227,Concert for Diana,0.782088,University of St Andrews,0.722406,Kate Middleton,0.700949
246fake.json,/society/social institution/divorce,0.967252,Johnny Depp,0.954203,Vanessa Paradis,0.92092,The Rum Diary,0.885281,Lost in La Mancha,0.705171,American film actors,0.662135
208fake.json,/art and entertainment/music/recording industry/music awards,0.831434,Mariah Carey,0.967102,Whitney Houston,0.581945
009fake.json,/society/social institution,0.596397,Miley Cyrus,0.971964,The Last Song,0.860985,Liam Hemsworth,0.712312,Billy Ray Cyrus,0.701043
014fake.json,/society/social institution/divorce,0.729287,Sampling,0.919922,Kanye West,0.87576
067fake.json,/society,0.697736,Drug addiction,0.98912,Lindsay Lohan,0.731551,English-language films,0.710314,Academy Award for Best Actress,0.61429,Academy Award for Best Actor,0.577368
040fake.json,/style and fashion/beauty,0.607568,Bruce Jenner,0.909247,Keeping Up with the Kardashians,0.903053,Kourtney Kardashian,0.879184,Rob Kardashian,0.876762,Kris Jenner,0.867592
101fake.json,/society/dating,0.855271,Keeping Up with the Kardashians,0.943261,Kim Kardashian,0.857223,Kourtney Kardashian,0.772351,Kris Jenner,0.715037,Rob Kardashian,0.707872
059fake.json,/society/gay life,0.870349,Charles II of England,0.908737,"Diana, Princess of Wales",0.85974,Bar,0.8211,Elizabeth II of the United Kingdom,0.816673
184fake.json,/society/social institution/divorce,0.994086,Justin Timberlake,0.92115,The Love Guru,0.895686
085fake.json,/society/unrest and war,0.656049
190fake.json,"/law, govt and politics/politics/elections/presidential elections",0.704375,Barack Obama,0.962105,Democratic Party,0.826321,Illinois,0.818369,Michelle Obama,0.81752,Bill Clinton,0.769441
016fake.json,/family and parenting/babies and toddlers,0.821119,Jennifer Hudson,0.841521,English-language films,0.650915
042fake.json,/travel/traveling with kids,0.997286,Justin Bieber,0.91136,52nd Grammy Awards,0.90232
111fake.json,/sports/tennis,0.938192,Jay-Z,0.928968,Kanye West,0.899242,2009 MTV Video Music Awards,0.869209,50th Grammy Awards,0.813814,Rihanna,0.793584
160fake.json,/society/work/unemployment,0.970851,Brad Pitt,0.971261,Angelina Jolie,0.713332,81st Academy Awards,0.66322,People,0.639601,Matt Damon,0.634509
152fake.json,/art and entertainment/shows and events/concert,0.597389,Taylor Guitars,0.903184,Taylor Swift,0.79672
125fake.json,/society/social institution/divorce,0.830261
007fake.json,/family and parenting/motherhood/pregnancy,0.999998,Jennifer Aniston,0.886784
238fake.json,/family and parenting/motherhood/pregnancy,0.999983,Halle Berry,0.949819,Why Do Fools Fall in Love,0.895839,Knots Landing,0.837663,Boomerang,0.820534,Bruce Willis,0.807911
104fake.json,/art and entertainment/shows and events,0.676432,Thought,0.882291,Tell,0.781919,O. J. Simpson,0.76208
142fake.json,/sports/tennis,0.834356,Anna Wintour,0.950842,Keeping Up with the Kardashians,0.877916,Kim Kardashian,0.803279
211fake.json,/art and entertainment/movies/film festivals and awards,0.998979,Cannes Film Festival,0.945151,Kirsten Dunst,0.718918
236fake.json,/hobbies and interests/needlework,0.549891,"Diana, Princess of Wales",0.938709,Prince William of Wales,0.89355,"Charles, Prince of Wales",0.888038,William III of England,0.746899,Concert for Diana,0.744846
183fake.json,/art and entertainment/movies and tv/movies/reviews,0.685862,Brad Pitt,0.971964,Angelina Jolie,0.820458,Mr. & Mrs. Smith,0.725314,A Mighty Heart,0.675292,People,0.666873
118fake.json,/society/social institution/divorce,0.822008,Miranda Lambert,0.955972,Academy of Country Music,0.824258,Nashville Star,0.816215,Blake Shelton,0.799894,Marriage,0.697887
159fake.json,/sports/tennis,0.625984,Leonardo DiCaprio,0.932431,Golden Globe Award for Best Actor – Motion Picture Drama,0.863034,Kate Winslet,0.841932,Romeo + Juliet,0.828568
223fake.json,/sports/wrestling,0.638576
129fake.json,/art and entertainment/movies,0.574451,Brad Pitt,0.92115,American film actors,0.720889,American television actors,0.716878,Angelina Jolie,0.706405
069fake.json,/style and fashion,0.777497,Bruce Jenner,0.9044,The Starting Line,0.86184,Rob Kardashian,0.856692,Keeping Up with the Kardashians,0.852742
120fake.json,/society/social institution/divorce,0.585206,American film actors,0.976899
028fake.json,/home and garden/bed and bath/bedroom,0.982231,Donald Trump,0.96648,Melania Trump,0.843797,Trump family,0.719017,Ivana Trump,0.654495,Fred Trump,0.652097
088fake.json,/family and parenting/parenting teens,0.581942,Jonas Brothers,0.918299,American female singers,0.756454
081fake.json,/health and fitness/addiction/substance abuse,0.991728,Addiction,0.905089,Robert Pattinson,0.76208
191fake.json,/family and parenting/babies and toddlers,0.652083,Keeping Up with the Kardashians,0.920839,O. J. Simpson murder case,0.741008,O. J. Simpson,0.644805
053fake.json,/society/social institution/divorce,0.975619,Miranda Lambert,0.945992,Blake Shelton,0.938596,Nashville Star,0.820529,Startin' Fires,0.811086,American country singers,0.622299
237fake.json,/travel/transports/sea travel/cruises,0.774989,The Mummy,0.883583
135fake.json,/society/dating,0.999318,Brad Pitt,0.92115,"Rainier III, Prince of Monaco",0.799682,"Louis II, Prince of Monaco",0.764488,Angelina Jolie,0.706405,"Albert I, Prince of Monaco",0.703447
228fake.json,/style and fashion,0.60674,Kim Kardashian,0.932431,Kanye West,0.644805
180fake.json,/art and entertainment/shows and events,0.692717,Los Angeles,0.91493,New York City,0.912859,English-language films,0.912463,Keeping Up with the Kardashians,0.744743,United States,0.680496
153fake.json,/society/gay life,0.645565,Bruce Jenner,0.969091,Keeping Up with the Kardashians,0.950043
089fake.json,/art and entertainment/movies,0.797966,Brad Pitt,0.92115,Angelina Jolie,0.706405
194fake.json,/art and entertainment/music/music genres/pop music,0.904751,Justin Bieber,0.91136,52nd Grammy Awards,0.90232
005fake.json,/society/social institution/divorce,0.712485,Brad Pitt,0.9867,Jennifer Aniston,0.824519,American film actors,0.730888,American television actors,0.728213,Angelina Jolie,0.718467
163fake.json,/art and entertainment/movies,0.640653
219fake.json,/art and entertainment/movies/film festivals and awards,0.968656,Cannes Film Festival,0.945151,Robert Pattinson,0.483748
117fake.json,/art and entertainment/movies and tv/movies,0.688262,American film actors,0.958544,Jennifer Lopez,0.937364,American television actors,0.799146,English-language films,0.713499,Milo Ventimiglia,0.650212
077fake.json,/society/unrest and war,0.986951,Angelina Jolie,0.92115
175fake.json,/society/dating,0.798318,Ariel Winter,0.949713,Modern Family,0.847173,Plan,0.689979,Revelation,0.655735,According to Jim,0.655345
174fake.json,/art and entertainment/celebrity fan and gossip,0.5887,American film actors,0.954346,Ellen DeGeneres,0.900605,Portia de Rossi,0.872122,Arrested Development,0.869636,Academy Award for Best Actress,0.760041
060fake.json,/art and entertainment/shows and events/concert,0.649281,Ringo Starr,0.959712,The Beatles,0.771818,Paul McCartney,0.753562,Abbey Road,0.576671,Sgt. Pepper's Lonely Hearts Club Band,0.563228
147fake.json,/society/social institution/divorce,0.878845,President of the United States,0.96708,Bill Clinton,0.951552,Barack Obama,0.818288,Democratic Party,0.748606,Illinois,0.67968
012fake.json,/art and entertainment/visual art and design/design,0.573153,Melania Trump,0.949819,Donald Trump,0.845157,Aflac,0.711045,Trump family,0.697505,Sampling,0.677321
215fake.json,/business and industrial/business operations/business plans,0.599481
206fake.json,/technology and computing/tech news,0.559367
076fake.json,/art and entertainment/movies and tv/movies/reviews,0.671829,American film actors,0.942519
173fake.json,/pets/dogs,0.985289,Selena Gomez,0.91136,Kidney,0.8704,Organ transplant,0.843928
140fake.json,/automotive and vehicles/cars/car culture,0.666875,Kate Winslet,0.967974,Leonardo DiCaprio,0.817236,Screen Actors Guild Award for Outstanding Performance by a Cast in a Motion Picture,0.814232
031fake.json,/art and entertainment/dance,0.993605,Dance,0.9435
240fake.json,/style and fashion/beauty,0.668423,Keeping Up with the Kardashians,0.971118,Kim Kardashian,0.900336,Kourtney Kardashian,0.892145
157fake.json,/food and drink,0.661741,Kanye West,0.91136,Daft Punk,0.907905
021fake.json,/society/dating,0.999702,Jake Gyllenhaal,0.920839,Stephen Gyllenhaal,0.718522,Taylor Guitars,0.711258,Gyllenhaal family,0.699223,Leonard Gyllenhaal,0.687631
041fake.json,/finance/financial news,0.643278,Bruce Jenner,0.909247,Kris Jenner,0.879184,Rob Kardashian,0.876762,Keeping Up with the Kardashians,0.874073,Kourtney Kardashian,0.867592
068fake.json,/business and industrial/fashion industry,0.788869,Kim Kardashian,0.932431,Anna Wintour,0.920839,Vogue,0.909247,Lauren Weisberger,0.860816,The Devil Wears Prada,0.812123
108fake.json,/society/social institution/divorce,0.879887,Angelina Jolie,0.978609,Brad Pitt,0.963081,Brangelina,0.685897,Witchcraft,0.650238,News of the World,0.564456
124fake.json,/society/crime/sexual offence,0.925588,Sexual harassment,0.919212,Academy Award for Best Picture,0.837024,Mel Gibson,0.834335,Film director,0.717545,Bullying,0.707351
072fake.json,/society/social institution,0.948213,Seal,0.945144,Heidi Klum,0.777,Project Runway,0.661018,Bergisch Gladbach,0.65429
154fake.json,/careers/career planning,0.982604,Taylor Guitars,0.903184,Taylor Swift,0.79672
249fake.json,/art and entertainment/celebrity fan and gossip,0.616881,Regis Philbin,0.891135,Ryan Seacrest,0.886784,Kelly Ripa,0.88293
150fake.json,/art and entertainment/movies and tv/talk shows,0.706728,Chelsea Lately,0.909247,Chelsea Handler,0.824495,The Chelsea Handler Show,0.708642,Ben Affleck,0.627417
100fake.json,/art and entertainment/shows and events,0.730518,Donald Trump,0.92115,Ivana Trump,0.771705,Fred Trump,0.768877
244fake.json,/society/gay life,0.615211,Literature,0.888858
097fake.json,/society/social institution,0.924627,Michelle Obama,0.988458,Barack Obama,0.979422,2008 Democratic National Convention,0.878018,Harvard Law School,0.855334,Sidley Austin,0.784242
027fake.json,/art and entertainment/movies and tv/movies/reviews,0.693006,Kurt Vonnegut,0.964934,Darren Aronofsky,0.912324,Desperate Housewives,0.686044,Mila Kunis,0.577214,Natalie Portman,0.558396
047fake.json,/family and parenting/parenting teens,0.583325
185fake.json,/art and entertainment/movies and tv/movies/reviews,0.592792,Nicole Kidman,0.934389,Keith Urban,0.83646,1967 births,0.782383,Academy Award for Best Actress,0.7629,Moulin Rouge!,0.6156
148fake.json,/food and drink/healthy eating,0.602415,Michelle Obama,0.932431,Barack Obama,0.803932,Reconstructive surgery,0.768072,2008 Democratic National Convention,0.765108,Harvard Law School,0.754904
058fake.json,/hobbies and interests/games/board games and puzzles,0.582986,Literary technique,0.902378,Plot,0.860144,One Thousand and One Nights,0.792079,Twist ending,0.72744
179fake.json,"/law, govt and politics",0.588185,Donald Trump,0.92115,Ivana Trump,0.771705,Fred Trump,0.768877
079fake.json,/family and parenting/motherhood/pregnancy,0.999744,Elizabeth II of the United Kingdom,0.947712,Monarch,0.804644,Elizabeth I of England,0.72744
231fake.json,/art and entertainment/movies and tv/talk shows,0.705295,Plastic surgery,0.980656,NBC News,0.850292,Today,0.754043,Rhinoplasty,0.696511,American television reporters and correspondents,0.61826
096fake.json,/art and entertainment/celebrity fan and gossip,0.597086,Miley Cyrus,0.92115,American male singers,0.907457,American film actors,0.904831
121fake.json,/art and entertainment/movies and tv/television,0.970474,O. J. Simpson,0.91136
205fake.json,/health and fitness/disorders,0.626216,Ben Affleck,0.886784
214fake.json,/art and entertainment/music/recording industry/music awards,0.729225,American Idol,0.903593,Grammy Award winners,0.869883,Jennifer Hudson,0.7476,Ryan Tedder,0.724181,Hair,0.69228
049fake.json,"/law, govt and politics/armed forces",0.64539,Bush family,0.878864
087fake.json,"/law, govt and politics",0.635468,Kim Kardashian,0.954839,Keeping Up with the Kardashians,0.890045,Law,0.697992
036fake.json,/travel/traveling with kids,0.608139,Tabloid,0.89405,Supermarket tabloid,0.892939
155fake.json,/sports/wrestling,0.780019,American television actors,0.937404,Ellen DeGeneres,0.90459,E! True Hollywood Story,0.84127
156fake.json,/art and entertainment/celebrity fan and gossip,0.677979,Mariah Carey,0.949819
119fake.json,/family and parenting/babies and toddlers,0.768524,Bruce Jenner,0.9044,Rob Kardashian,0.856692,Keeping Up with the Kardashians,0.852742
128fake.json,/health and fitness/sexuality,0.741804,Need,0.978921,Want,0.924006,Ideology,0.816004,WANT,0.781242,Idea,0.766739
225fake.json,/health and fitness/disorders/mental disorder/panic and anxiety,0.631657,Tyra Banks,0.91136
063fake.json,/health and fitness/addiction,0.742338,Liza Minnelli,0.949819,Judy Garland,0.586845
083fake.json,/sports/wrestling,0.969966,George Clooney,0.886784
245fake.json,/art and entertainment/celebrity fan and gossip,0.71101,Larry King Live,0.972834,Anderson Cooper,0.737807
033fake.json,/society/dating,0.671309,Bajan,0.933627,Barbados,0.812741,Prince,0.744879,The Only Ones,0.707833,Coming out,0.688267
094fake.json,/society/social institution/divorce,0.949396,The Fame,0.907322,Family,0.750442,2009 MTV Video Music Awards,0.74792,Lady Gaga,0.742105,Thought,0.704171
172fake.json,/pets/reptiles,0.999489,Planet,0.896688,Jupiter,0.840404,Riddler,0.824122,Jim Carrey,0.76208,Earth,0.724419
199fake.json,/art and entertainment/shows and events,0.717983,Talk About Our Love,0.928712,Sampling,0.887894
084fake.json,/style and fashion/beauty,0.629254,Kim Kardashian,0.971715,Keeping Up with the Kardashians,0.866948,Kourtney Kardashian,0.837254,Bruce Jenner,0.824962,Kris Jenner,0.810646
001fake.json,/art and entertainment/movies and tv/talk shows,0.730974,Friends,0.949627,New York City,0.820071,Jennifer Aniston,0.676172,Days of our Lives,0.657498,Manhattan,0.62816
090fake.json,/careers/career planning,0.963523,Selena Gomez,0.91136
110fake.json,/society/dating,0.732927,Katharine McPhee,0.958558,David Foster,0.664283,Andrea Bocelli,0.629461,The House Bunny,0.569405,The Spotlight,0.496784
169fake.json,/society/dating,0.61448,New Jersey,0.970755,Lieutenant Governor of New Jersey,0.923931,Drumthwacket,0.895951,Governor of New Jersey,0.828675,"Princeton Township, New Jersey",0.745904
015fake.json,/art and entertainment/shows and events,0.746151,Keeping Up with the Kardashians,0.972832,Simon Cowell,0.966499,American Idol,0.911412,Kim Kardashian,0.818872,Jennifer Lopez,0.786811
239fake.json,/sports/wrestling,0.839777,Bruce Jenner,0.9044,Rob Kardashian,0.856692,Keeping Up with the Kardashians,0.852742
082fake.json,/society/unrest and war,0.746642,Rosie O'Donnell,0.969399,Whoopi Goldberg,0.949189,Elisabeth Hasselbeck,0.763018,The View,0.753646,NAACP Image Award for Outstanding Actress in a Motion Picture,0.449103
212fake.json,/family and parenting/children,0.739983,Kourtney Kardashian,0.949819
247fake.json,/society/dating,0.629636,Owen Wilson,0.988749,English-language films,0.597359,Will Ferrell,0.591118,Vince Vaughn,0.581037,Actor,0.561003
105fake.json,/family and parenting/children,0.840604,Brad Pitt,0.964305,Angelina Jolie,0.836707,Mr. & Mrs. Smith,0.726135,A Mighty Heart,0.696385,Jennifer Aniston,0.672789
026fake.json,/society/social institution/divorce,0.762856,Anna Faris,0.94772,American television actors,0.834432,Chris Pratt,0.811765,Jennifer's Body,0.612,American film actors,0.610233
242fake.json,/society/social institution/divorce,0.981422,Ellen DeGeneres,0.988619,Portia de Rossi,0.957352,Lesbian actors,0.517848
126fake.json,/style and fashion/beauty/hair care,0.880361,Kim Kardashian,0.932431
006fake.json,/society/social institution/divorce,0.975905,Brad Pitt,0.983136,Angelina Jolie,0.970813,Jennifer Aniston,0.875436,American film actors,0.797307,People,0.663138
025fake.json,/family and parenting/adoption,0.978355,Angelina Jolie,0.949988,Brad Pitt,0.7636,A Mighty Heart,0.677696,Mr. & Mrs. Smith,0.658387
061fake.json,/family and parenting/babies and toddlers,0.861799,Image,0.909556,Mashup,0.7832,Pregnancy,0.782163,IMAGE,0.777375,Photography,0.773093
024fake.json,/art and entertainment/dance/pole dancing,0.564156,Justin Bieber,0.91136,52nd Grammy Awards,0.90232
207fake.json,/art and entertainment/music/singing,0.957695,Gwen Stefani,0.97566,Singing,0.750708,Akon,0.744711,The Sweet Escape,0.742863,No Doubt,0.741914
123fake.json,/art and entertainment/celebrity fan and gossip,0.603688,Kim Kardashian,0.932431
213fake.json,/society/dating,0.994854,1947 births,0.831861
230fake.json,/art and entertainment/movies and tv/movies,0.958342,Academy Award for Best Actress,0.934937
221fake.json,/style and fashion/swimwear/bikinis,0.733262,Kim Kardashian,0.932431,Kourtney Kardashian,0.920839
011fake.json,/society/social institution,0.859035,Jennifer Lopez,0.932431,Marriage,0.615825
132fake.json,/news/national news,0.723514,Kanye West,0.843327,Reality,0.825207
203fake.json,/art and entertainment/celebrity fan and gossip,0.787611,Celine Dion,0.95171,Caesars Palace,0.588522,My Heart Will Go On,0.549601,English-language films,0.52053,Audience,0.477853
